feature,importance_mean,importance_std
rotational_speed_rpm,0.5083668905587866,0.02073764535517607
torque_nm,0.35577137252251456,0.025221186309738453
temp_diff,0.30994094914822473,0.036376948069632584
tool_wear_min,0.20915756130964763,0.021835436361731055
type,0.028285066533169444,0.007955983243909896
air_temperature_k,0.015927922853641495,0.02169685968840102
process_temperature_k,-0.008923509163913346,0.01058782313411966
